{
    "images": [
               {
               "time": 11.14789,
               "status": "Complete",
               "file": "face_558eb381db5c8.jpg",
               "width": 1536,
               "height": 1001,
               "faces": [
                         {
                         "topLeftX": 763,
                         "topLeftY": 233,
                         "width": 123,
                         "height": 123,
                         "leftEyeCenterX": 798.875,
                         "leftEyeCenterY": 276.05,
                         "rightEyeCenterX": 848.5875,
                         "rightEyeCenterY": 279.125,
                         "noseTipX": 821.75207321535,
                         "noseTipY": 307.00494200453,
                         "noseBtwEyesX": 822.56881362144,
                         "noseBtwEyesY": 276.01764388074,
                         "chinTipX": 818.67226296142,
                         "chinTipY": 351.8391105176,
                         "leftEyeCornerLeftX": 790.3306640625,
                         "leftEyeCornerLeftY": 275.521484375,
                         "leftEyeCornerRightX": 809.7015625,
                         "leftEyeCornerRightY": 277.4994140625,
                         "rightEyeCornerLeftX": 837.616796875,
                         "rightEyeCornerLeftY": 280.005859375,
                         "rightEyeCornerRightX": 856.355078125,
                         "rightEyeCornerRightY": 279.60546875,
                         "rightEarTragusX": -1,
                         "rightEarTragusY": -1,
                         "leftEarTragusX": -1,
                         "leftEarTragusY": -1,
                         "leftEyeBrowLeftX": 781.10772391399,
                         "leftEyeBrowLeftY": 267.68105746654,
                         "leftEyeBrowMiddleX": 796.00660777903,
                         "leftEyeBrowMiddleY": 264.56806899006,
                         "leftEyeBrowRightX": 812.78918901705,
                         "leftEyeBrowRightY": 270.08493546234,
                         "rightEyeBrowLeftX": 834.49222591061,
                         "rightEyeBrowLeftY": 270.42454721509,
                         "rightEyeBrowMiddleX": 853.99347966303,
                         "rightEyeBrowMiddleY": 268.32381149964,
                         "rightEyeBrowRightX": 867.64154644109,
                         "rightEyeBrowRightY": 274.45532352302,
                         "nostrilLeftHoleBottomX": 812.8836539441,
                         "nostrilLeftHoleBottomY": 313.53076998924,
                         "nostrilRightHoleBottomX": 829.90479950823,
                         "nostrilRightHoleBottomY": 314.40550585109,
                         "nostrilLeftSideX": 807.66663850606,
                         "nostrilLeftSideY": 309.38400276693,
                         "nostrilRightSideX": 836.25334987019,
                         "nostrilRightSideY": 311.62883787876,
                         "lipCornerLeftX": 802.11001131419,
                         "lipCornerLeftY": 326.94027244758,
                         "lipLineMiddleX": 819.9843667551,
                         "lipLineMiddleY": 326.30739216029,
                         "lipCornerRightX": 839.16753473936,
                         "lipCornerRightY": 330.39616392541,
                         "pitch": -1.9586000619351,
                         "yaw": 0.66670181196563,
                         "roll": 3.6847029922785,
                         "attributes": {
                         "gender": {
                         "time": 0.13509,
                         "type": "F",
                         "confidence": "100%"
                         }
                         }
                         },
                         {
                         "topLeftX": 486,
                         "topLeftY": 182,
                         "width": 126,
                         "height": 126,
                         "leftEyeCenterX": 525.9,
                         "leftEyeCenterY": 226.625,
                         "rightEyeCenterX": 574.725,
                         "rightEyeCenterY": 230.3,
                         "noseTipX": 548.14265559347,
                         "noseTipY": 247.9849756481,
                         "noseBtwEyesX": 549.51382462834,
                         "noseBtwEyesY": 225.42444717955,
                         "chinTipX": 545.77417376736,
                         "chinTipY": 312.64932740533,
                         "leftEyeCornerLeftX": 516.7453125,
                         "leftEyeCornerLeftY": 225.9359375,
                         "leftEyeCornerRightX": 535.817578125,
                         "leftEyeCornerRightY": 227.371484375,
                         "rightEyeCornerLeftX": 564.04453125,
                         "rightEyeCornerLeftY": 229.49609375,
                         "rightEyeCornerRightX": 583.116796875,
                         "rightEyeCornerRightY": 230.931640625,
                         "rightEarTragusX": 598.99304747848,
                         "rightEarTragusY": 246.39059000863,
                         "leftEarTragusX": 488.36096563194,
                         "leftEarTragusY": 229.51596786801,
                         "leftEyeBrowLeftX": 510.99461527839,
                         "leftEyeBrowLeftY": 216.83676857638,
                         "leftEyeBrowMiddleX": 522.99482597744,
                         "leftEyeBrowMiddleY": 212.10034913649,
                         "leftEyeBrowRightX": 538.36468436473,
                         "leftEyeBrowRightY": 216.15777998379,
                         "rightEyeBrowLeftX": 563.2590606059,
                         "rightEyeBrowLeftY": 217.67079409123,
                         "rightEyeBrowMiddleX": 579.73784008673,
                         "rightEyeBrowMiddleY": 216.32986182663,
                         "rightEyeBrowRightX": 589.5202085987,
                         "rightEyeBrowRightY": 222.39016861054,
                         "nostrilLeftHoleBottomX": 541.39896293375,
                         "nostrilLeftHoleBottomY": 256.16416395414,
                         "nostrilRightHoleBottomX": 556.17999882694,
                         "nostrilRightHoleBottomY": 257.06251608044,
                         "nostrilLeftSideX": 533.90316050353,
                         "nostrilLeftSideY": 251.02365150035,
                         "nostrilRightSideX": 564.97384911412,
                         "nostrilRightSideY": 253.69286839219,
                         "lipCornerLeftX": 527.98030150897,
                         "lipCornerLeftY": 284.23906112012,
                         "lipLineMiddleX": -1,
                         "lipLineMiddleY": -1,
                         "lipCornerRightX": 565.22730248899,
                         "lipCornerRightY": 288.06448079636,
                         "pitch": -0.32060970999659,
                         "yaw": -6.6617426386565,
                         "roll": 4.1979751947886,
                         "attributes": {
                         "gender": {
                         "time": 0.252,
                         "type": "F",
                         "confidence": "80%"
                         }
                         }
                         },
                         {
                         "topLeftX": 628,
                         "topLeftY": 72,
                         "width": 132,
                         "height": 132,
                         "leftEyeCenterX": 670.35,
                         "leftEyeCenterY": 124.8,
                         "rightEyeCenterX": 716,
                         "rightEyeCenterY": 123.7,
                         "noseTipX": 699.20143094658,
                         "noseTipY": 148.25608777474,
                         "noseBtwEyesX": 693.28714545504,
                         "noseBtwEyesY": 117.61593149029,
                         "chinTipX": -1,
                         "chinTipY": -1,